{
  "https://alg0011precision1us.alconacsf.acsitefactory.com": "https://precision1contacts.com",
  "https://professional.alconacsf.acsitefactory.com": "https://professional.myalcon.com",
  "https://caprofessional.alconacsf.acsitefactory.com": "https://professional.myalcon.com/ca",
  "https://euretina.alconacsf.acsitefactory.com": "https://professional.myalcon.com/events",
  "https://precisionco.alconacsf.acsitefactory.com": "https://precision.myalcon.com/co",
  "https://conturavision.alconacsf.acsitefactory.com": "https://contouravision.myalcon.com",
  "https://professionalcn.alconacsf.acsitefactory.com": "https://professional.myalcon.com/cn",
  "https://consumercn.alconacsf.acsitefactory.com": "https://www.myalcon.com/cn",
  "https://professionales.alconacsf.acsitefactory.com": "https://www.professional.myalcon.com/es",
  "https://professionalkr.alconacsf.acsitefactory.com": "https://www.professional.myalcon.com/kr",
  "https://professionalfr.alconacsf.acsitefactory.com": "https://www.professional.myalcon.com/fr",
  "https://precisioncl.alconacsf.acsitefactory.com": "https://precision.myalcon.com/cl",
  "https://professionalhk.alconacsf.acsitefactory.com": "https://www.professional.myalcon.com/hk",
  "https://alconscienceus.alconacsf.acsitefactory.com": "https://us.alconscience.com",
  "https://alconsciencecn.alconacsf.acsitefactory.com": "https://www.cn.alconscience.com",
  "https://alconscienceca.alconacsf.acsitefactory.com": "https://canada.alconscience.com",
  "https://alconsciencetw.alconacsf.acsitefactory.com": "https://www.tw.alconscience.com",
  "https://precisionth.alconacsf.acsitefactory.com": "https://precision.myalcon.com/th",
  "https://polarisjp.alconacsf.acsitefactory.com": "https://cms.direct.myalcon.com",
  "https://sitestudioreference.alconacsf.acsitefactory.com": "https://sitestudio.myalcon.com",
  "https://totalca.alconacsf.acsitefactory.com": "https://total.myalcon.com/ca",
  "https://myalconmy.alconacsf.acsitefactory.com": "https://www.myalcon.my",
  "https://simbrinzaus.alconacsf.acsitefactory.com": "https://simbrinza.myalcon.com",
  "https://simbrinzahcp.alconacsf.acsitefactory.com": "https://simbrinza.myalcon.com/hcp",
  "https://globalphaco.alconacsf.acsitefactory.com": "https://globalphaco.myalcon.com",
  "https://lensbrochure.alconacsf.acsitefactory.com": "https://www.lensbrochure.myalcon.com/us",
  "https://panoptixro.alconacsf.acsitefactory.com": "https://www.panoptix.ro",
  "https://yourlasiksolution.alconacsf.acsitefactory.com": "https://yourlasiksolution.com",
  "https://lensbrochureca.alconacsf.acsitefactory.com": "https://lensbrochure.myalcon.com/ca",
  "https://myalcones.alconacsf.acsitefactory.com": "https://www.aecbarcelona.com",
  "https://alconvisioncarecomec.alconacsf.acsitefactory.com": "https://www.alconvisioncare.com.ec",
  "https://bezbrylicz.alconacsf.acsitefactory.com": "https://bezbryli.cz",
  "https://mycataractscomua.alconacsf.acsitefactory.com": "https://mycataracts.com.ua",
  "https://cataractejepassealactefr.alconacsf.acsitefactory.com": "https://cataractejepassealacte.fr",
  "https://alconvisioncarecomco.alconacsf.acsitefactory.com": "https://www.alconvisioncare.com.co",
  "https://alconvisioncarecomar.alconacsf.acsitefactory.com": "https://www.alconvisioncare.com.ar",
  "https://iluxconsumermktus.alconacsf.acsitefactory.com": "https://ilux.myalcon.com",
  "https://systaneglobalmktau.alconacsf.acsitefactory.com": "https://systane.myalcon.com/au",
  "https://systaneselfieapp.alconacsf.acsitefactory.com": "https://systaneselfie.myalcon.com/au",
  "https://eyefile.alconacsf.acsitefactory.com": "https://offers.myalcon.com",
  "https://totalmktkr.alconacsf.acsitefactory.com": "https://total.myalcon.com/kr",
  "https://precision1mkthk.alconacsf.acsitefactory.com": "https://precision.myalcon.com/hk",
  "https://precision1mktca.alconacsf.acsitefactory.com": "https://precision.myalcon.com/ca",
  "https://precision1mktanz.alconacsf.acsitefactory.com": "https://precision.myalcon.com/au",
  "https://myalconmktch.alconacsf.acsitefactory.com": "https://www.myalcon.com/ch",
  "https://precision1mkttw.alconacsf.acsitefactory.com": "https://precision.myalcon.com/tw",
  "https://myalconmktde.alconacsf.acsitefactory.com": "https://www.myalcon.com/de",
  "https://myalconmktdk.alconacsf.acsitefactory.com": "https://www.myalcon.com/dk",
  "https://myalconmktno.alconacsf.acsitefactory.com": "https://www.myalcon.com/no",
  "https://myalconmktfi.alconacsf.acsitefactory.com": "https://www.myalcon.com/fi",
  "https://myalconmktau.alconacsf.acsitefactory.com": "https://www.myalcon.com/au",
  "https://precision1mktmy.alconacsf.acsitefactory.com": "https://precision.myalcon.com/my",
  "https://myalconmktse.alconacsf.acsitefactory.com": "https://www.myalcon.com/se",
  "https://myalconmktat.alconacsf.acsitefactory.com": "https://www.myalcon.com/at",
  "https://myalconmktinternational.alconacsf.acsitefactory.com": "https://www.myalcon.com/international",
  "https://freshlookmktin.alconacsf.acsitefactory.com": "https://freshlook.myalcon.com/in",
  "https://myalconmktin.alconacsf.acsitefactory.com": "https://www.myalcon.com/in",
  "https://myalconmktgb.alconacsf.acsitefactory.com": "https://www.myalcon.com/uk",
  "https://alconscienceuk.alconacsf.acsitefactory.com": "https://uk.alconscience.com",
  "https://alconscienceit.alconacsf.acsitefactory.com": "https://it.alconscience.com",
  "https://alconsciencees.alconacsf.acsitefactory.com": "https://es.alconscience.com",
  "https://myalconmktes.alconacsf.acsitefactory.com": "https://www.myalcon.com/es",
  "https://myalconmktnl.alconacsf.acsitefactory.com": "https://www.myalcon.com/nl",
  "https://myalconmktbr.alconacsf.acsitefactory.com": "https://www.myalcon.com/br",
  "https://myalconmktkr.alconacsf.acsitefactory.com": "https://www.myalcon.com/kr",
  "https://myalconmktmx.alconacsf.acsitefactory.com": "https://www.myalcon.com/mx",
  "https://patadaybase.alconacsf.acsitefactory.com": "https://pataday.myalcon.com",
  "https://myalconmktbe.alconacsf.acsitefactory.com": "https://www.myalcon.com/be",
  "https://myalconmktfr.alconacsf.acsitefactory.com": "https://www.myalcon.com/fr",
  "https://systanemktmy.alconacsf.acsitefactory.com": "https://systane.myalcon.com/my",
  "https://totalmktus.alconacsf.acsitefactory.com": "https://total.myalcon.com",
  "https://systaneselfieappmktfr.alconacsf.acsitefactory.com": "https://systaneselfie.myalcon.com/fr-bnl",
  "https://systaneselfieappmktnl.alconacsf.acsitefactory.com": "https://systaneselfie.myalcon.com/nl-bnl",
  "https://systanemktes.alconacsf.acsitefactory.com": "https://systane.myalcon.com/es",
  "https://systanemktbr.alconacsf.acsitefactory.com": "https://systane.myalcon.com/br",
  "https://systanemkthk.alconacsf.acsitefactory.com": "https://systane.myalcon.com/hk",
  "https://systanemktph.alconacsf.acsitefactory.com": "https://systane.myalcon.com/ph",
  "https://systanemktdk.alconacsf.acsitefactory.com": "https://systane.myalcon.com/dk",
  "https://systaneselfieappmktgr.alconacsf.acsitefactory.com": "https://systaneselfie.myalcon.com/gr",
  "https://systaneselfieappmktuk.alconacsf.acsitefactory.com": "https://systaneselfie.myalcon.com/uk",
  "https://alconsciencede.alconacsf.acsitefactory.com": "https://de.alconscience.com",
  "https://alconscienceindia.alconacsf.acsitefactory.com": "https://www.in.alconscience.com",
  "https://alconsciencefr.alconacsf.acsitefactory.com": "https://fr.alconscience.com",
  "https://alconsciencejp.alconacsf.acsitefactory.com": "https://jp.alconscience.com",
  "https://myalconmktjp.alconacsf.acsitefactory.com": "https://www.myalcon.com/jp",
  "https://systanemktse2.alconacsf.acsitefactory.com": "https://systane.myalcon.com/se",
  "https://precision1mktkr.alconacsf.acsitefactory.com": "https://precision.myalcon.com/kr",
  "https://systanemktae.alconacsf.acsitefactory.com": "https://systane.myalcon.com/ae",
  "https://myalconmktit.alconacsf.acsitefactory.com": "https://www.myalcon.com/it",
  "https://myalconmktuae.alconacsf.acsitefactory.com": "https://www.myalcon.com/ae",
  "https://myalconmktcz.alconacsf.acsitefactory.com": "https://www.myalcon.com/cz",
  "https://systaneselfieappmktsk.alconacsf.acsitefactory.com": "https://systaneselfie.myalcon.com/sk",
  "https://systanemktcl.alconacsf.acsitefactory.com": "https://www.systane.myalcon.com/cl",
  "https://systaneselfieappmktnld.alconacsf.acsitefactory.com": "https://systaneselfie.myalcon.com/nl",
  "https://myalconmktgr.alconacsf.acsitefactory.com": "https://www.myalcon.com/gr",
  "https://systanemktno.alconacsf.acsitefactory.com": "https://www.systane.myalcon.com/no",
  "https://myalconmktco.alconacsf.acsitefactory.com": "https://www.myalcon.com/co",
  "https://myalconmktar.alconacsf.acsitefactory.com": "https://www.myalcon.com/ar",
  "https://systanemktpt.alconacsf.acsitefactory.com": "https://systane.myalcon.com/pt",
  "https://systanemktsg.alconacsf.acsitefactory.com": "https://systane.myalcon.com/sg",
  "https://myalconmktru.alconacsf.acsitefactory.com": "https://www.myalcon.com/ru",
  "https://totalmktit.alconacsf.acsitefactory.com": "https://total.myalcon.com/it",
  "https://totalmktmy.alconacsf.acsitefactory.com": "https://total.myalcon.com/my",
  "https://totalmkthk.alconacsf.acsitefactory.com": "https://total.myalcon.com/hk",
  "https://totalmktsg.alconacsf.acsitefactory.com": "https://total.myalcon.com/sg",
  "https://systanemktfi.alconacsf.acsitefactory.com": "https://systane.myalcon.com/fi",
  "https://myalconmkttr.alconacsf.acsitefactory.com": "https://www.myalcon.com/tr",
  "https://myalconmkttw.alconacsf.acsitefactory.com": "https://www.myalcon.com/tw",
  "https://myalconmktcl.alconacsf.acsitefactory.com": "https://www.myalcon.com/cl",
  "https://precision1mktit.alconacsf.acsitefactory.com": "https://precision.myalcon.com/it",
  "https://consentmyalcon.alconacsf.acsitefactory.com": "https://preferences.myalcon.com",
  "https://totalmktes.alconacsf.acsitefactory.com": "https://total.myalcon.com/es",
  "https://myalconmktpe.alconacsf.acsitefactory.com": "https://www.myalcon.com/pe",
  "https://myalconmktpt.alconacsf.acsitefactory.com": "https://www.myalcon.com/pt",
  "https://myalconmktsk.alconacsf.acsitefactory.com": "https://www.myalcon.com/sk",
  "https://alconsciencekorea.alconacsf.acsitefactory.com": "https://kr.alconscience.com",
  "https://alconscienceau.alconacsf.acsitefactory.com": "https://au.alconscience.com",
  "https://alconsciencebr.alconacsf.acsitefactory.com": "https://br.alconscience.com",
  "https://myalconmktec.alconacsf.acsitefactory.com": "https://www.myalcon.com/ec",
  "https://myalconmktcr.alconacsf.acsitefactory.com": "https://www.myalcon.com/cr",
  "https://totalmktpt.alconacsf.acsitefactory.com": "https://total.myalcon.com/pt",
  "https://myalconmktua.alconacsf.acsitefactory.com": "https://www.myalcon.com/ua",
  "https://myalconmkthk.alconacsf.acsitefactory.com": "https://www.myalcon.com/hk",
  "https://systaneselfieappmktcz.alconacsf.acsitefactory.com": "https://systaneselfie.myalcon.com/cz",
  "https://myalconmktpa.alconacsf.acsitefactory.com": "https://www.myalcon.com/pa",
  "https://myalconmktdo.alconacsf.acsitefactory.com": "https://www.myalcon.com/do",
  "https://totalmktbe.alconacsf.acsitefactory.com": "https://total.myalcon.com/be",
  "https://totalmktsk.alconacsf.acsitefactory.com": "https://total.myalcon.com/sk",
  "https://totalmktdk.alconacsf.acsitefactory.com": "https://total.myalcon.com/dk",
  "https://myalconmktpl.alconacsf.acsitefactory.com": "https://www.myalcon.com/pl",
  "https://totalmktse.alconacsf.acsitefactory.com": "https://total.myalcon.com/se",
  "https://totalmktno.alconacsf.acsitefactory.com": "https://total.myalcon.com/no",
  "https://totalmktae.alconacsf.acsitefactory.com": "https://total.myalcon.com/ae",
  "https://systanemktua.alconacsf.acsitefactory.com": "https://systane.myalcon.com/ua",
  "https://myalconmktuy.alconacsf.acsitefactory.com": "https://www.myalcon.com/uy",
  "https://precision1mktcz.alconacsf.acsitefactory.com": "https://precision.myalcon.com/cz",
  "https://myalconmktza.alconacsf.acsitefactory.com": "https://www.myalcon.com/za",
  "https://totalmktcz.alconacsf.acsitefactory.com": "https://total.myalcon.com/cz",
  "https://precision1mktbe.alconacsf.acsitefactory.com": "https://precision.myalcon.com/be",
  "https://systanemktcy.alconacsf.acsitefactory.com": "https://systane.myalcon.com/cy",
  "https://precision1mktde.alconacsf.acsitefactory.com": "https://precision.myalcon.com/de",
  "https://totalmktfi.alconacsf.acsitefactory.com": "https://total.myalcon.com/fi",
  "https://precision1mktsk.alconacsf.acsitefactory.com": "https://precision.myalcon.com/sk",
  "https://totalmktde.alconacsf.acsitefactory.com": "https://total.myalcon.com/de",
  "https://precision1mktuk.alconacsf.acsitefactory.com": "https://precision.myalcon.com/uk",
  "https://totalmktpl.alconacsf.acsitefactory.com": "https://total.myalcon.com/pl",
  "https://precision1mktsg.alconacsf.acsitefactory.com": "https://precision.myalcon.com/sg",
  "https://myalconmkteg.alconacsf.acsitefactory.com": "https://www.myalcon.com/eg",
  "https://meetmarlomktus.alconacsf.acsitefactory.com": "https://home.meetmarlo.com",
  "https://alconcareersmktus.alconacsf.acsitefactory.com": "https://www.digital-careers.alcon.com",
  "https://systanemkteg.alconacsf.acsitefactory.com": "https://systane.myalcon.com/eg",
  "https://systanemktro.alconacsf.acsitefactory.com": "https://systane.myalcon.com/ro",
  "https://systanemktsl.alconacsf.acsitefactory.com": "https://systane.myalcon.com/sl",
  "https://totalmktch.alconacsf.acsitefactory.com": "https://total.myalcon.com/ch",
  "https://totalmktat.alconacsf.acsitefactory.com": "https://total.myalcon.com/at",
  "https://myalconmktevents.alconacsf.acsitefactory.com": "https://events.myalcon.com",
  "https://systaneapp.alconacsf.acsitefactory.com": "https://systane.myalcon.com/app",
  "https://precision1mktat.alconacsf.acsitefactory.com": "https://precision.myalcon.com/at",
  "https://precision1mktch.alconacsf.acsitefactory.com": "https://precision.myalcon.com/ch",
  "https://myalconmktlatam.alconacsf.acsitefactory.com": "https://www.myalcon.com/latam",
  "https://myalconmktcar.alconacsf.acsitefactory.com": "https://www.myalcon.com/car",
  "https://precision1mktpt.alconacsf.acsitefactory.com": "https://precision.myalcon.com/pt",
  "https://precision1mktes.alconacsf.acsitefactory.com": "https://precision.myalcon.com/es",
  "https://myalconmktmy.alconacsf.acsitefactory.com": "https://www.myalcon.com/my",
  "https://systane1mkt.alconacsf.acsitefactory.com": "https://systane.myalcon.com",
  "https://inveltysmktus.alconacsf.acsitefactory.com": "https://inveltys.myalcon.com",
  "https://eysuvismktus.alconacsf.acsitefactory.com": "https://eysuvis.myalcon.com",
  "https://rocklatanmktus.alconacsf.acsitefactory.com": "https://rocklatan.myalcon.com",
  "https://rhopressamktus.alconacsf.acsitefactory.com": "https://rhopressa.myalcon.com",
  "https://precision1mktsi.alconacsf.acsitefactory.com": "https://precision.myalcon.com/si",
  "https://systane1mkthu.alconacsf.acsitefactory.com": "https://systane.myalcon.com/hu",
  "https://systane1mktpl.alconacsf.acsitefactory.com": "https://systane.myalcon.com/pl",
  "https://totalmktbg.alconacsf.acsitefactory.com": "https://total.myalcon.com/bg",
  "https://assistmktus.alconacsf.acsitefactory.com": "https://assist.myalcon.com",
  "https://systane1mktgr.alconacsf.acsitefactory.com": "https://systane.myalcon.com/gr",
  "https://gentealtearscom1.alconacsf.acsitefactory.com": "https://gentealtears.myalcon.com",
  "https://kzsystanecom1.alconacsf.acsitefactory.com": "https://systane-kz.myalcon.com",
  "https://precision1mktgr.alconacsf.acsitefactory.com": "https://precision.myalcon.com/gr",
  "https://meritisaveziro1.alconacsf.acsitefactory.com": "https://www.meritisavezi.ro",
  "https://moretoseeorg1.alconacsf.acsitefactory.com": "https://www.moretosee.org",
  "https://nako55fi1.alconacsf.acsitefactory.com": "https://www.nako55.fi",
  "https://optifreecom1.alconacsf.acsitefactory.com": "https://opti-free.myalcon.com",
  "https://seethefullpictureca1.alconacsf.acsitefactory.com": "https://seethefullpicture.myalcon.com",
  "https://status1.alconacsf.acsitefactory.com": "https://status.myalcon.com",
  "https://systaneca1.alconacsf.acsitefactory.com": "https://www.systane-ca.myalcon.com",
  "https://wearlensesgrgr1.alconacsf.acsitefactory.com": "https://mylenses.gr",
  "https://wearlensesltlv1.alconacsf.acsitefactory.com": "https://www.kontaktlecuabc.lv",
  "https://wearlensesslsi1.alconacsf.acsitefactory.com": "https://nosimlece.si",
  "https://totalmktgr.alconacsf.acsitefactory.com": "https://total.myalcon.com/gr",
  "https://nordicsurgicalproductscom.alconacsf.acsitefactory.com": "https://www.alconnordicsurgicalproducts.com",
  "https://clearcaremktus.alconacsf.acsitefactory.com": "https://clearcaresolution.myalcon.com",
  "https://getalconcom.alconacsf.acsitefactory.com": "https://get.alcon.com",
  "https://systane1mktcz.alconacsf.acsitefactory.com": "https://systane.myalcon.com/cz",
  "https://systane1mktsk.alconacsf.acsitefactory.com": "https://systane.myalcon.com/sk",
  "https://systane1mktuk.alconacsf.acsitefactory.com": "https://systane.myalcon.com/uk",
  "https://systane1mktmx.alconacsf.acsitefactory.com": "https://systane.myalcon.com/mx",
  "https://systane1mktmk.alconacsf.acsitefactory.com": "https://systane.myalcon.com/mk",
  "https://systane1mktsi.alconacsf.acsitefactory.com": "https://systane.myalcon.com/si",
  "https://systane1mkthr.alconacsf.acsitefactory.com": "https://systane.myalcon.com/hr",
  "https://myalcon1mktca.alconacsf.acsitefactory.com": "https://www.myalcon.com/ca",
  "https://myalconmktsg.alconacsf.acsitefactory.com": "https://www.myalcon.com/sg",
  "https://myalconlivechat.alconacsf.acsitefactory.com": "https://livechat.val.myalcon.com",
  "https://alconsciencebase.alconacsf.acsitefactory.com": "https://www.alconscience.com",
  "https://alconmkt.alconacsf.acsitefactory.com": "https://www.alcon.com",
  "https://precision1mktph.alconacsf.acsitefactory.com": "https://precision.myalcon.com/ph",
  "https://totalmktin.alconacsf.acsitefactory.com": "https://total.myalcon.com/in",
  "https://totalmktau.alconacsf.acsitefactory.com": "https://total.myalcon.com/au",
  "https://totalmktuk.alconacsf.acsitefactory.com": "https://total.myalcon.com/uk"
}
